run_time,signal,horizon_days,ic_spearman,n_obs,flag,ic_se,ic_tstat,ic_ci_lo,ic_ci_hi,ic_excess,ic_excess_n,ic_excess_se,ic_excess_tstat,ic_bydate,ic_bydate_se,ic_bydate_tstat,n_dates
2026-07-06T07:52:07Z,8k_sentiment,1,-0.001847,1994,NOISE,0.0224,-0.082,-0.045751,0.042057,,,,,,,,
2026-07-06T07:52:07Z,8k_sentiment,3,0.020569,1972,NOISE,0.022525,0.913,-0.023579,0.064717,,,,,,,,
2026-07-06T07:52:07Z,8k_sentiment,5,0.009149,1945,NOISE,0.02268,0.403,-0.035305,0.053603,,,,,,,,
2026-08-17T02:24:41Z,8k_sentiment,1,-0.017049,3531,NOISE,0.016831,-1.013,-0.050038,0.01594,,,,,,,,
2026-08-17T02:24:41Z,8k_sentiment,3,-0.00302,3479,NOISE,0.016956,-0.178,-0.036255,0.030215,,,,,,,,
2026-08-17T02:24:41Z,8k_sentiment,5,-0.003715,3434,NOISE,0.017067,-0.218,-0.037167,0.029737,,,,,,,,
2026-08-17T13:09:35Z,8k_sentiment,1,-0.017049,3531,NOISE,0.016831,-1.013,-0.050038,0.01594,,,,,,,,
2026-08-17T13:09:35Z,8k_sentiment,3,-0.00302,3479,NOISE,0.016956,-0.178,-0.036255,0.030215,,,,,,,,
2026-08-17T13:09:35Z,8k_sentiment,5,-0.003715,3434,NOISE,0.017067,-0.218,-0.037167,0.029737,,,,,,,,
2026-08-18T10:12:31Z,8k_sentiment,1,-0.017748,3531,NOISE,0.016831,-1.054,-0.050737,0.015241,,,,,,,,
2026-08-18T10:12:31Z,8k_sentiment,3,-0.001251,3475,NOISE,0.016966,-0.074,-0.034505,0.032003,,,,,,,,
2026-08-18T10:12:31Z,8k_sentiment,5,-0.004832,3429,NOISE,0.01708,-0.283,-0.038308,0.028644,,,,,,,,
2026-08-20T00:18:37Z,8k_sentiment,1,-0.017543,3559,NOISE,0.016765,-1.046,-0.050402,0.015316,,,,,,,,
2026-08-20T00:18:37Z,8k_sentiment,3,-0.003765,3519,NOISE,0.01686,-0.223,-0.03681,0.02928,,,,,,,,
2026-08-20T00:18:37Z,8k_sentiment,5,-0.006412,3468,NOISE,0.016983,-0.378,-0.039699,0.026875,,,,,,,,
2026-08-20T11:23:53Z,8k_sentiment,1,-0.013471,3544,NOISE,0.0168,-0.802,-0.046399,0.019457,,,,,,,,
2026-08-20T11:23:53Z,8k_sentiment,3,-0.003172,3494,NOISE,0.01692,-0.187,-0.036335,0.029991,,,,,,,,
2026-08-20T11:23:53Z,8k_sentiment,5,-0.005539,3451,NOISE,0.017025,-0.325,-0.038908,0.02783,,,,,,,,
2026-08-21T07:38:47Z,8k_sentiment,1,-0.013471,3544,NOISE,0.0168,-0.802,-0.046399,0.019458,-0.024686,3544,0.0168,-1.469,0.021528,0.020672,1.041,125
2026-08-21T07:38:47Z,8k_sentiment,3,-0.003172,3494,NOISE,0.01692,-0.187,-0.036335,0.029992,-0.014427,3494,0.01692,-0.853,0.020696,0.021246,0.974,123
2026-08-21T07:38:47Z,8k_sentiment,5,-0.005539,3451,NOISE,0.017025,-0.325,-0.038908,0.02783,-0.010573,3451,0.017025,-0.621,0.013463,0.020725,0.65,121
2026-08-21T07:43:05Z,8k_sentiment,1,-0.013471,3544,NOISE,0.0168,-0.802,-0.046399,0.019458,-0.024686,3544,0.0168,-1.469,0.021528,0.020672,1.041,125
2026-08-21T07:43:05Z,8k_sentiment,3,-0.003172,3494,NOISE,0.01692,-0.187,-0.036335,0.029992,-0.014427,3494,0.01692,-0.853,0.020696,0.021246,0.974,123
2026-08-21T07:43:05Z,8k_sentiment,5,-0.005539,3451,NOISE,0.017025,-0.325,-0.038908,0.02783,-0.010573,3451,0.017025,-0.621,0.013463,0.020725,0.65,121
2026-08-21T07:45:07Z,8k_sentiment,1,-0.013471,3544,NOISE,0.0168,-0.802,-0.046399,0.019458,-0.024686,3544,0.0168,-1.469,0.021528,0.020672,1.041,125
2026-08-21T07:45:07Z,8k_sentiment,3,-0.003172,3494,NOISE,0.01692,-0.187,-0.036335,0.029992,-0.014427,3494,0.01692,-0.853,0.020696,0.021246,0.974,123
2026-08-21T07:45:07Z,8k_sentiment,5,-0.005539,3451,NOISE,0.017025,-0.325,-0.038908,0.02783,-0.010573,3451,0.017025,-0.621,0.013463,0.020725,0.65,121
2026-08-21T07:51:59Z,8k_sentiment,1,-0.001641,3544,NOISE,0.0168,-0.098,-0.03457,0.031287,-0.004765,3544,0.0168,-0.284,0.01479,0.018246,0.811,125
2026-08-21T07:51:59Z,8k_sentiment,3,0.020949,3494,NOISE,0.01692,1.238,-0.012214,0.054112,0.022054,3494,0.01692,1.303,0.023053,0.019001,1.213,123
2026-08-21T07:51:59Z,8k_sentiment,5,0.03224,3451,NOISE,0.017025,1.894,-0.001129,0.065609,0.037273,3451,0.017025,2.189,0.009745,0.019468,0.501,121
2026-08-21T09:01:35Z,8k_sentiment,1,0.010035,3493,NOISE,0.016922,0.593,-0.023133,0.043203,0.006843,3493,0.016922,0.404,0.013846,0.021614,0.641,124
2026-08-21T09:01:35Z,8k_sentiment,3,0.013343,3443,NOISE,0.017045,0.783,-0.020065,0.046751,0.016334,3443,0.017045,0.958,0.016691,0.022869,0.73,122
2026-08-21T09:01:35Z,8k_sentiment,5,0.006315,3402,NOISE,0.017147,0.368,-0.027294,0.039924,0.015781,3402,0.017147,0.92,0.001851,0.022551,0.082,120
2026-08-21T10:10:32Z,8k_sentiment,1,0.011106,3510,NOISE,0.016881,0.658,-0.021981,0.044194,0.007497,3510,0.016881,0.444,0.015832,0.021493,0.737,125
2026-08-21T10:10:32Z,8k_sentiment,3,0.014366,3471,NOISE,0.016976,0.846,-0.018907,0.047639,0.016364,3471,0.016976,0.964,0.018706,0.022722,0.823,123
2026-08-21T10:10:32Z,8k_sentiment,5,0.005931,3434,NOISE,0.017067,0.347,-0.027521,0.039383,0.015656,3434,0.017067,0.917,0.001054,0.022277,0.047,121
2026-08-24T03:28:46Z,8k_sentiment,1,0.011669,3485,NOISE,0.016942,0.689,-0.021537,0.044875,0.008707,3485,0.016942,0.514,0.018149,0.021547,0.842,124
2026-08-24T03:28:46Z,8k_sentiment,3,0.011803,3448,NOISE,0.017033,0.693,-0.021581,0.045186,0.013881,3448,0.017033,0.815,0.016426,0.022791,0.721,122
2026-08-24T03:28:46Z,8k_sentiment,5,0.0054,3404,NOISE,0.017142,0.315,-0.028199,0.038999,0.016077,3404,0.017142,0.938,0.000266,0.02255,0.012,120
2026-08-24T22:11:55Z,8k_sentiment,1,0.011669,3485,NOISE,0.016942,0.689,-0.021537,0.044875,0.008703,3485,0.016942,0.514,0.018149,0.021547,0.842,124
2026-08-24T22:11:55Z,8k_sentiment,3,0.011803,3448,NOISE,0.017033,0.693,-0.021581,0.045186,0.013893,3448,0.017033,0.816,0.016426,0.022791,0.721,122
2026-08-24T22:11:55Z,8k_sentiment,5,0.0054,3404,NOISE,0.017142,0.315,-0.028199,0.038999,0.016078,3404,0.017142,0.938,0.000266,0.02255,0.012,120
2026-08-25T22:12:10Z,8k_sentiment,1,0.011836,3503,NOISE,0.016898,0.7,-0.021285,0.044957,0.008865,3503,0.016898,0.525,0.01691,0.021446,0.789,125
2026-08-25T22:12:10Z,8k_sentiment,3,0.012193,3463,NOISE,0.016996,0.717,-0.021118,0.045505,0.014326,3463,0.016996,0.843,0.016014,0.022704,0.705,123
2026-08-25T22:12:10Z,8k_sentiment,5,0.004223,3421,NOISE,0.0171,0.247,-0.029293,0.037738,0.014852,3421,0.0171,0.869,0.002608,0.022477,0.116,121
2026-08-26T14:02:27Z,8k_sentiment,1,0.01221,3478,NOISE,0.016959,0.72,-0.021029,0.045449,0.009346,3478,0.016959,0.551,0.015109,0.021543,0.701,124
2026-08-26T14:02:27Z,8k_sentiment,3,0.010939,3438,NOISE,0.017057,0.641,-0.022493,0.044371,0.013363,3438,0.017057,0.783,0.013489,0.022749,0.593,122
2026-08-26T14:02:27Z,8k_sentiment,5,0.003786,3396,NOISE,0.017162,0.221,-0.029853,0.037424,0.014381,3396,0.017162,0.838,0.001836,0.022652,0.081,120
2026-08-27T10:10:23Z,8k_sentiment,1,0.012552,3484,NOISE,0.016944,0.741,-0.020659,0.045763,0.010744,3484,0.016944,0.634,0.018212,0.021097,0.863,125
2026-08-27T10:10:23Z,8k_sentiment,3,0.009578,3449,NOISE,0.01703,0.562,-0.023801,0.042956,0.012088,3449,0.01703,0.71,0.01116,0.022675,0.492,123
2026-08-27T10:10:23Z,8k_sentiment,5,0.004229,3407,NOISE,0.017135,0.247,-0.029356,0.037813,0.0152,3407,0.017135,0.887,-0.000301,0.022714,-0.013,121
2026-08-31T09:11:07Z,8k_sentiment,1,0.009242,3390,NOISE,0.017178,0.538,-0.024427,0.04291,0.0065,3390,0.017178,0.378,0.011456,0.021316,0.537,123
2026-08-31T09:11:07Z,8k_sentiment,3,0.006008,3367,NOISE,0.017236,0.349,-0.027775,0.039791,0.00524,3367,0.017236,0.304,0.004781,0.023099,0.207,121
2026-08-31T09:11:07Z,8k_sentiment,5,0.005004,3325,NOISE,0.017345,0.288,-0.028992,0.039,0.011352,3325,0.017345,0.655,-0.00393,0.023076,-0.17,119
2026-09-01T09:09:45Z,8k_sentiment,1,0.006841,3412,NOISE,0.017122,0.4,-0.026719,0.0404,0.004999,3412,0.017122,0.292,0.009334,0.021249,0.439,124
2026-09-01T09:09:45Z,8k_sentiment,3,0.007332,3382,NOISE,0.017198,0.426,-0.026376,0.04104,0.005356,3382,0.017198,0.311,0.003409,0.02295,0.149,122
2026-09-01T09:09:45Z,8k_sentiment,5,0.004009,3344,NOISE,0.017295,0.232,-0.02989,0.037908,0.010925,3344,0.017295,0.632,-0.004695,0.022895,-0.205,120
2026-09-02T09:08:35Z,8k_sentiment,1,0.009189,3412,NOISE,0.017122,0.537,-0.02437,0.042749,0.009493,3412,0.017122,0.554,0.012076,0.021164,0.571,124
2026-09-02T09:08:35Z,8k_sentiment,3,0.011448,3360,NOISE,0.017254,0.663,-0.022371,0.045266,0.006721,3360,0.017254,0.39,0.007697,0.023127,0.333,122
2026-09-02T09:08:35Z,8k_sentiment,5,0.006528,3330,NOISE,0.017332,0.377,-0.027442,0.040499,0.009342,3330,0.017332,0.539,-0.007995,0.023091,-0.346,120
2026-09-03T09:05:03Z,8k_sentiment,1,0.010475,3411,NOISE,0.017125,0.612,-0.02309,0.044039,0.009857,3411,0.017125,0.576,0.013697,0.021199,0.646,124
2026-09-03T09:05:03Z,8k_sentiment,3,0.011296,3358,NOISE,0.017259,0.655,-0.022532,0.045125,0.005181,3358,0.017259,0.3,0.007193,0.023144,0.311,122
2026-09-03T09:05:03Z,8k_sentiment,5,0.00696,3323,NOISE,0.01735,0.401,-0.027046,0.040966,0.006455,3323,0.01735,0.372,-0.012456,0.02351,-0.53,120
2026-09-04T09:04:40Z,8k_sentiment,1,0.00929,3410,NOISE,0.017127,0.542,-0.02428,0.042859,0.007312,3410,0.017127,0.427,0.017953,0.021135,0.849,125
2026-09-04T09:04:40Z,8k_sentiment,3,0.011761,3373,NOISE,0.017221,0.683,-0.021992,0.045514,0.006671,3373,0.017221,0.387,0.006981,0.022792,0.306,123
2026-09-04T09:04:40Z,8k_sentiment,5,0.008036,3337,NOISE,0.017314,0.464,-0.025899,0.04197,0.007876,3337,0.017314,0.455,-0.007031,0.022937,-0.307,121
2026-09-07T09:04:43Z,8k_sentiment,1,0.007043,3375,NOISE,0.017216,0.409,-0.0267,0.040786,0.00591,3375,0.017216,0.343,0.014555,0.021159,0.688,124
2026-09-07T09:04:43Z,8k_sentiment,3,0.015265,3341,NOISE,0.017303,0.882,-0.018649,0.049179,0.008963,3341,0.017303,0.518,0.010171,0.023443,0.434,122
2026-09-07T09:04:43Z,8k_sentiment,5,0.011839,3303,NOISE,0.017402,0.68,-0.02227,0.045948,0.009846,3303,0.017402,0.566,-0.005101,0.023415,-0.218,120
2026-09-08T10:04:56Z,8k_sentiment,1,0.007043,3375,NOISE,0.017216,0.409,-0.0267,0.040786,0.005927,3375,0.017216,0.344,0.014555,0.021159,0.688,124
2026-09-08T10:04:56Z,8k_sentiment,3,0.015265,3341,NOISE,0.017303,0.882,-0.018649,0.049179,0.008973,3341,0.017303,0.519,0.010171,0.023443,0.434,122
2026-09-08T10:04:56Z,8k_sentiment,5,0.011839,3303,NOISE,0.017402,0.68,-0.02227,0.045948,0.009862,3303,0.017402,0.567,-0.005101,0.023415,-0.218,120
2026-09-10T10:05:28Z,8k_sentiment,1,0.008685,3359,NOISE,0.017257,0.503,-0.025138,0.042509,0.005942,3359,0.017257,0.344,0.014356,0.021183,0.678,124
2026-09-10T10:05:28Z,8k_sentiment,3,0.015854,3327,NOISE,0.01734,0.914,-0.018132,0.049839,0.010531,3327,0.01734,0.607,0.013351,0.023608,0.566,122
2026-09-10T10:05:28Z,8k_sentiment,5,0.01256,3292,NOISE,0.017432,0.721,-0.021606,0.046726,0.009791,3292,0.017432,0.562,-0.004514,0.023529,-0.192,120
2026-09-11T10:06:17Z,8k_sentiment,1,0.009528,3364,NOISE,0.017244,0.553,-0.02427,0.043326,0.008209,3364,0.017244,0.476,0.01565,0.020992,0.746,124
2026-09-11T10:06:17Z,8k_sentiment,3,0.016577,3327,NOISE,0.01734,0.956,-0.017408,0.050563,0.013076,3327,0.01734,0.754,0.014806,0.023482,0.631,122
2026-09-11T10:06:17Z,8k_sentiment,5,0.013293,3289,NOISE,0.01744,0.762,-0.020888,0.047475,0.011305,3289,0.01744,0.648,-0.001801,0.02363,-0.076,120
2026-09-14T10:05:37Z,8k_sentiment,1,0.013251,3342,NOISE,0.017301,0.766,-0.020658,0.047161,0.010782,3342,0.017301,0.623,0.017224,0.021074,0.817,123
2026-09-14T10:05:37Z,8k_sentiment,3,0.019287,3297,NOISE,0.017418,1.107,-0.014852,0.053427,0.016029,3297,0.017418,0.92,0.016147,0.023488,0.687,121
2026-09-14T10:05:37Z,8k_sentiment,5,0.014727,3263,NOISE,0.017509,0.841,-0.01959,0.049044,0.014753,3263,0.017509,0.843,0.001618,0.023812,0.068,119
2026-09-15T10:04:40Z,8k_sentiment,1,0.012772,3373,NOISE,0.017221,0.742,-0.020981,0.046525,0.010255,3373,0.017221,0.595,0.016389,0.02092,0.783,124
2026-09-15T10:04:40Z,8k_sentiment,3,0.02105,3319,NOISE,0.01736,1.212,-0.012977,0.055076,0.017941,3319,0.01736,1.033,0.017484,0.023333,0.749,122
2026-09-15T10:04:40Z,8k_sentiment,5,0.014294,3279,NOISE,0.017466,0.818,-0.019939,0.048528,0.015535,3279,0.017466,0.889,0.001814,0.023613,0.077,120
2026-09-16T10:11:16Z,8k_sentiment,1,0.012898,3353,NOISE,0.017272,0.747,-0.020955,0.046752,0.011723,3353,0.017272,0.679,0.017265,0.020867,0.827,124
2026-09-16T10:11:16Z,8k_sentiment,3,0.018714,3314,NOISE,0.017374,1.077,-0.015338,0.052766,0.018264,3314,0.017374,1.051,0.018355,0.023271,0.789,122
2026-09-16T10:11:16Z,8k_sentiment,5,0.011631,3265,NOISE,0.017504,0.665,-0.022676,0.045938,0.014529,3265,0.017504,0.83,-0.000549,0.023939,-0.023,120
2026-09-17T10:04:58Z,8k_sentiment,1,0.009759,3365,NOISE,0.017241,0.566,-0.024034,0.043552,0.007896,3365,0.017241,0.458,0.010433,0.020791,0.502,124
2026-09-17T10:04:58Z,8k_sentiment,3,0.019228,3329,NOISE,0.017334,1.109,-0.014747,0.053204,0.017886,3329,0.017334,1.032,0.019593,0.023228,0.843,122
2026-09-17T10:04:58Z,8k_sentiment,5,0.012677,3272,NOISE,0.017485,0.725,-0.021593,0.046948,0.016135,3272,0.017485,0.923,0.002326,0.023772,0.098,120
2026-09-18T16:00:03Z,8k_sentiment,1,0.011931,3351,NOISE,0.017277,0.691,-0.021932,0.045795,0.00931,3351,0.017277,0.539,0.01499,0.020452,0.733,123
2026-09-18T16:00:03Z,8k_sentiment,3,0.0213,3315,NOISE,0.017371,1.226,-0.012747,0.055347,0.020029,3315,0.017371,1.153,0.022773,0.0232,0.982,121
2026-09-18T16:00:03Z,8k_sentiment,5,0.014504,3258,NOISE,0.017522,0.828,-0.019839,0.048848,0.017864,3258,0.017522,1.02,0.005359,0.023776,0.225,119
2026-09-21T10:05:00Z,8k_sentiment,1,0.007539,3362,NOISE,0.017249,0.437,-0.02627,0.041347,0.005141,3362,0.017249,0.298,0.00685,0.020159,0.34,123
2026-09-21T10:05:00Z,8k_sentiment,3,0.017141,3317,NOISE,0.017366,0.987,-0.016896,0.051178,0.015858,3317,0.017366,0.913,0.01368,0.023035,0.594,121
2026-09-21T10:05:00Z,8k_sentiment,5,0.012439,3279,NOISE,0.017466,0.712,-0.021794,0.046673,0.017366,3279,0.017466,0.994,0.001688,0.02373,0.071,119
2026-09-22T10:05:23Z,8k_sentiment,1,0.009493,3369,NOISE,0.017231,0.551,-0.02428,0.043266,0.007405,3369,0.017231,0.43,0.009839,0.020211,0.487,124
2026-09-22T10:05:23Z,8k_sentiment,3,0.015677,3334,NOISE,0.017321,0.905,-0.018273,0.049627,0.014551,3334,0.017321,0.84,0.012914,0.022856,0.565,122
2026-09-22T10:05:23Z,8k_sentiment,5,0.012269,3283,NOISE,0.017455,0.703,-0.021944,0.046481,0.017176,3283,0.017455,0.984,-0.00061,0.023581,-0.026,120
2026-09-23T10:05:20Z,8k_sentiment,1,0.009258,3350,NOISE,0.01728,0.536,-0.02461,0.043127,0.007133,3350,0.01728,0.413,0.009168,0.020365,0.45,123
2026-09-23T10:05:20Z,8k_sentiment,3,0.016674,3315,NOISE,0.017371,0.96,-0.017373,0.050721,0.015498,3315,0.017371,0.892,0.015063,0.022944,0.657,121
2026-09-23T10:05:20Z,8k_sentiment,5,0.013584,3264,NOISE,0.017506,0.776,-0.020728,0.047897,0.018639,3264,0.017506,1.065,0.001491,0.023685,0.063,119
2026-09-24T10:05:02Z,8k_sentiment,1,0.007632,3339,NOISE,0.017308,0.441,-0.026292,0.041556,0.005349,3339,0.017308,0.309,0.009466,0.020373,0.465,123
2026-09-24T10:05:02Z,8k_sentiment,3,0.021888,3315,NOISE,0.017371,1.26,-0.012159,0.055935,0.019684,3315,0.017371,1.133,0.023384,0.0235,0.995,121
2026-09-24T10:05:02Z,8k_sentiment,5,0.009857,3269,NOISE,0.017493,0.563,-0.024429,0.044142,0.015018,3269,0.017493,0.859,-0.001848,0.023651,-0.078,119
2026-09-25T10:05:56Z,8k_sentiment,1,0.008925,3344,NOISE,0.017295,0.516,-0.024974,0.042824,0.00427,3344,0.017295,0.247,0.009154,0.020138,0.455,123
2026-09-25T10:05:56Z,8k_sentiment,3,0.026232,3306,NOISE,0.017395,1.508,-0.007861,0.060325,0.024678,3306,0.017395,1.419,0.031463,0.023606,1.333,121
2026-09-25T10:05:56Z,8k_sentiment,5,0.01373,3267,NOISE,0.017498,0.785,-0.020567,0.048026,0.0191,3267,0.017498,1.092,0.004249,0.023502,0.181,119
2026-09-28T10:04:57Z,8k_sentiment,1,0.011085,3328,NOISE,0.017337,0.639,-0.022896,0.045065,0.005953,3328,0.017337,0.343,0.012547,0.020518,0.612,123
2026-09-28T10:04:57Z,8k_sentiment,3,0.025868,3297,NOISE,0.017418,1.485,-0.008272,0.060008,0.023355,3297,0.017418,1.341,0.035439,0.023353,1.518,121
2026-09-28T10:04:57Z,8k_sentiment,5,0.013971,3275,NOISE,0.017477,0.799,-0.020284,0.048225,0.019869,3275,0.017477,1.137,0.010256,0.024316,0.422,119
2026-09-29T12:16:29Z,8k_sentiment,1,0.008075,3352,NOISE,0.017275,0.467,-0.025784,0.041933,0.003985,3352,0.017275,0.231,0.01093,0.020413,0.535,124
2026-09-29T12:16:29Z,8k_sentiment,3,0.023942,3316,NOISE,0.017368,1.378,-0.0101,0.057984,0.021496,3316,0.017368,1.238,0.030542,0.023315,1.31,122
2026-09-29T12:16:29Z,8k_sentiment,5,0.012895,3287,NOISE,0.017445,0.739,-0.021297,0.047086,0.020012,3287,0.017445,1.147,0.011213,0.024192,0.463,120
2026-09-30T10:04:56Z,8k_sentiment,1,0.009085,3355,NOISE,0.017267,0.526,-0.024759,0.042928,0.005349,3355,0.017267,0.31,0.011666,0.02056,0.567,124
2026-09-30T10:04:56Z,8k_sentiment,3,0.023,3309,NOISE,0.017387,1.323,-0.011078,0.057077,0.020579,3309,0.017387,1.184,0.02768,0.023197,1.193,122
2026-09-30T10:04:56Z,8k_sentiment,5,0.01652,3280,NOISE,0.017463,0.946,-0.017708,0.050749,0.021497,3280,0.017463,1.231,0.011713,0.024223,0.484,120
2026-10-01T10:13:30Z,8k_sentiment,1,0.007994,3348,NOISE,0.017285,0.462,-0.025885,0.041873,0.003856,3348,0.017285,0.223,0.010142,0.020617,0.492,124
2026-10-01T10:13:30Z,8k_sentiment,3,0.018315,3311,NOISE,0.017381,1.054,-0.015752,0.052383,0.016701,3311,0.017381,0.961,0.02446,0.023298,1.05,122
2026-10-01T10:13:30Z,8k_sentiment,5,0.014623,3275,NOISE,0.017477,0.837,-0.019632,0.048877,0.017805,3275,0.017477,1.019,0.007919,0.02454,0.323,120
2026-10-05T10:05:13Z,8k_sentiment,1,0.006903,3341,NOISE,0.017303,0.399,-0.027011,0.040818,0.003472,3341,0.017303,0.201,0.010364,0.020646,0.502,124
2026-10-05T10:05:13Z,8k_sentiment,3,0.019106,3305,NOISE,0.017397,1.098,-0.014993,0.053204,0.018716,3305,0.017397,1.076,0.030155,0.023923,1.26,122
2026-10-05T10:05:13Z,8k_sentiment,5,0.01023,3268,NOISE,0.017495,0.585,-0.024061,0.044521,0.01449,3268,0.017495,0.828,0.004875,0.024588,0.198,120
2026-10-06T15:42:01Z,8k_sentiment,1,0.021192,3352,NOISE,0.017275,1.227,-0.012667,0.055051,0.013042,3352,0.017275,0.755,0.024637,0.022343,1.103,125
2026-10-06T15:42:01Z,8k_sentiment,3,0.013991,3313,NOISE,0.017376,0.805,-0.020067,0.048048,0.013985,3313,0.017376,0.805,0.018425,0.022427,0.822,123
2026-10-06T15:42:01Z,8k_sentiment,5,0.010903,3287,NOISE,0.017445,0.625,-0.023288,0.045095,0.012619,3287,0.017445,0.723,0.007874,0.02381,0.331,121
2026-10-07T10:05:04Z,8k_sentiment,1,0.017738,3356,NOISE,0.017264,1.027,-0.016101,0.051576,0.012007,3356,0.017264,0.695,0.023673,0.022269,1.063,125
2026-10-07T10:05:04Z,8k_sentiment,3,0.009633,3315,NOISE,0.017371,0.555,-0.024414,0.04368,0.009752,3315,0.017371,0.561,0.020416,0.02219,0.92,123
2026-10-07T10:05:04Z,8k_sentiment,5,0.006802,3281,NOISE,0.017461,0.39,-0.027421,0.041025,0.009499,3281,0.017461,0.544,0.011988,0.023931,0.501,121
2026-10-08T10:05:04Z,8k_sentiment,1,0.027578,3352,NOISE,0.017275,1.596,-0.00628,0.061437,0.021674,3352,0.017275,1.255,0.028183,0.022527,1.251,124
2026-10-08T10:05:04Z,8k_sentiment,3,0.01231,3316,NOISE,0.017368,0.709,-0.021732,0.046352,0.011871,3316,0.017368,0.683,0.016094,0.021827,0.737,122
2026-10-08T10:05:04Z,8k_sentiment,5,0.007732,3278,NOISE,0.017469,0.443,-0.026506,0.041971,0.010402,3278,0.017469,0.595,0.005569,0.023641,0.236,120
2026-10-09T04:09:56Z,8k_sentiment,1,0.027913,3356,NOISE,0.017264,1.617,-0.005926,0.061751,0.022548,3356,0.017264,1.306,0.025226,0.022591,1.117,124
2026-10-09T04:09:56Z,8k_sentiment,3,0.012126,3332,NOISE,0.017327,0.7,-0.021835,0.046086,0.011188,3332,0.017327,0.646,0.013117,0.021801,0.602,122
2026-10-09T04:09:56Z,8k_sentiment,5,0.011605,3293,NOISE,0.017429,0.666,-0.022555,0.045766,0.013229,3293,0.017429,0.759,0.004851,0.023607,0.205,120
2026-10-09T17:04:08Z,8k_sentiment,1,0.022254,3369,NOISE,0.017231,1.291,-0.011519,0.056027,0.019098,3369,0.017231,1.108,0.021823,0.022211,0.983,125
2026-10-09T17:04:08Z,8k_sentiment,3,0.008045,3337,NOISE,0.017314,0.465,-0.02589,0.04198,0.008663,3337,0.017314,0.5,0.008771,0.021474,0.408,123
2026-10-09T17:04:08Z,8k_sentiment,5,0.007829,3300,NOISE,0.01741,0.45,-0.026295,0.041954,0.011242,3300,0.01741,0.646,-0.001024,0.023469,-0.044,121
